,True (log space),Predicted (log space),True (original),Predicted (original)
227,6.255750041753367,6.364223,520.0,579.6935
238,6.206575926724928,6.218645,495.00000000000017,501.02258
3796,6.818924065275521,7.044797,913.9999999999997,1145.876
3271,8.070674812045414,8.381808,3198.260000000002,4365.8984
1129,7.237778191923443,7.1076026,1390.0,1220.2163
